Step,Exploitability
0,4.2998576164245605
999,0.0031135936733335257
3000,0.0006603685906156898
5000,0.0002511026104912162