Step,Exploitability
0,4.299857139587402
999,0.003363806288689375
3000,0.0006180470809340477
5000,0.00023091629554983228